partner_id,agency_name,partner_ref,language,title,description,deal_type,property_type,rent_monthly_chf,extra_costs_chf,purchase_price_chf,street,zipcode,city,rooms,living_area_m2,floor,contact_email,image_urls,features,available_from
P-100,Immo Zentrum AG,AG100-00001,de,Helle 3.5-Zimmer-Wohnung in Thun,Helle Wohnung mit 3.5 Zimmern und 78 m² Wohnfläche an der Aarestrasse 9 in Thun. Verfügbar ab 2027-02-01.,rent,flat,1530,170,,Aarestrasse 9,3600,Thun,3.5,78,0,david.rossi@immo-zentrum.ch,https://images.unsplash.com/photo-1554995207-c18c203602cb?w=1200&q=80|https://images.unsplash.com/photo-1600566752355-35792bedcfea?w=1200&q=80|https://images.unsplash.com/photo-1568605114967-8130f3a36994?w=1200&q=80,minergie|washing_machine,2027-02-01
P-100,Immo Zentrum AG,AG100-00002,de,Gepflegte 4.5-Zimmer-Maisonette-Wohnung in Uster,Gepflegte Maisonette-Wohnung mit 4.5 Zimmern und 107 m² Wohnfläche im 3. Stock an der Seestrasse 53 in Uster. Zur Ausstattung gehören Garten. Verfügbar ab 2026-09-01.,buy,duplex,,,783000,Seestrasse 53,8610,Uster,4.5,107,3,luca.frei@immo-zentrum.ch,https://images.unsplash.com/photo-1600607687939-ce8a6c25118c?w=1200&q=80|https://images.unsplash.com/photo-1613490493576-7fde63acd811?w=1200&q=80|https://images.unsplash.com/photo-1613545325278-f24b0cae1224?w=1200&q=80|https://images.unsplash.com/photo-1493809842364-78817add7ffb?w=1200&q=80,garden|minergie,2026-09-01
P-101,Wohntraum Immobilien GmbH,AG101-00001,fr,Appartement moderne de 3.5 pièces à Sion,"Appartement moderne de 3.5 pièces avec 92 m² de surface habitable au 1er étage, situé Avenue de la Gare 84 à Sion. Comprend cheminée. Disponible dès le 2026-10-01.",rent,flat,1840,180,,Avenue de la Gare 84,1950,Sion,3.5,92,1,marc.frei@wohntraum-immo.ch,https://images.unsplash.com/photo-1600566752355-35792bedcfea?w=1200&q=80|https://images.unsplash.com/photo-1568605114967-8130f3a36994?w=1200&q=80|https://images.unsplash.com/photo-1613545325278-f24b0cae1224?w=1200&q=80,fireplace|storage_room,2026-10-01
P-102,Régie du Lac SA,AG102-00001,fr,Attique charmant de 1.5 pièces à Sion,"Attique charmant de 1.5 pièces avec 34 m² de surface habitable, situé Rue du Grand-Pont 28 à Sion. Comprend cheminée et garage. Disponible dès le 2026-09-01.",buy,attic_flat,,,256000,Rue du Grand-Pont 28,1950,Sion,1.5,34,0,luca.keller@regiedulac.ch,https://images.unsplash.com/photo-1600566752355-35792bedcfea?w=1200&q=80|https://images.unsplash.com/photo-1600210492486-724fe5c67fb0?w=1200&q=80|https://images.unsplash.com/photo-1576941089067-2de3c901e126?w=1200&q=80|https://images.unsplash.com/photo-1613545325278-f24b0cae1224?w=1200&q=80,dishwasher|fireplace|garage|garden|storage_room,2026-09-01
P-104,Casa Bella Immobiliare SA,AG104-00001,fr,Duplex central de 1.5 pièces à Genève,"Duplex central de 1.5 pièces avec 44 m² de surface habitable, situé Rue du Rhône 114 à Genève. Comprend ascenseur. Disponible dès le 2026-12-01.",buy,duplex,,,542000,Rue du Rhône 114,1205,Genève,1.5,44,0,elena.keller@casabella-immo.ch,https://images.unsplash.com/photo-1502672260266-1c1ef2d93688?w=1200&q=80|https://images.unsplash.com/photo-1600585154526-990dced4db0d?w=1200&q=80|https://images.unsplash.com/photo-1554995207-c18c203602cb?w=1200&q=80|https://images.unsplash.com/photo-1598928506311-c55ded91a20c?w=1200&q=80,elevator|minergie,2026-12-01
P-103,Alpina Real Estate AG,AG103-00001,fr,Studio calme de 1.5 pièces à Neuchâtel,"Studio calme de 1.5 pièces avec 44 m² de surface habitable au 1er étage, situé Faubourg de l'Hôpital 119 à Neuchâtel. Disponible dès le 2026-09-01.",rent,studio,890,180,,Faubourg de l'Hôpital 119,2000,Neuchâtel,1.5,44,1,elena.martin@alpina-realestate.ch,https://images.unsplash.com/photo-1502672260266-1c1ef2d93688?w=1200&q=80|https://images.unsplash.com/photo-1600121848594-d8644e57abab?w=1200&q=80,dishwasher|minergie|washing_machine,2026-09-01
P-101,Wohntraum Immobilien GmbH,AG101-00002,fr,Appartement rénové de 3.5 pièces à Neuchâtel,"Appartement rénové de 3.5 pièces avec 80 m² de surface habitable au 2e étage, situé Rue du Seyon 86 à Neuchâtel. Comprend cheminée et garage. Disponible dès le 2026-10-01.",buy,flat,,,734000,Rue du Seyon 86,2000,Neuchâtel,3.5,80,2,fraud@wohntraum-immo.ch,https://images.unsplash.com/photo-1560185127-6ed189bf02f4?w=1200&q=80|https://images.unsplash.com/photo-1600121848594-d8644e57abab?w=1200&q=80,dishwasher|fireplace|garage|storage_room,2026-10-01
P-101,Wohntraum Immobilien GmbH,AG101-00003,de,Helle 3.5-Zimmer-Wohnung in Winterthur,Helle Wohnung mit 3.5 Zimmern und 93 m² Wohnfläche im 5. Stock an der Marktgasse 43 in Winterthur. Zur Ausstattung gehören Balkon und Garten. Verfügbar ab 2027-01-01.,rent,flat,2120,320,,Marktgasse 43,8400,Winterthur,3.5,93,5,anna.steiner@wohntraum-immo.ch,https://images.unsplash.com/photo-1600585154526-990dced4db0d?w=1200&q=80|https://images.unsplash.com/photo-1600121848594-d8644e57abab?w=1200&q=80|https://images.unsplash.com/photo-1560448204-e02f11c3d0e2?w=1200&q=80|https://images.unsplash.com/photo-1493809842364-78817add7ffb?w=1200&q=80,balcony|dishwasher|garden|parking|washing_machine,2027-01-01
P-102,Régie du Lac SA,AG102-00002,de,Helle 2.5-Zimmer-Wohnung in Aarau,Helle Wohnung mit 2.5 Zimmern und 65 m² Wohnfläche im 6. Stock an der Igelweid 27 in Aarau. Verfügbar ab 2026-10-01.,rent,flat,1420,220,,Igelweid 27,5000,Aarau,2.5,65,6,david.frei@regiedulac.ch,https://images.unsplash.com/photo-1560185127-6ed189bf02f4?w=1200&q=80|https://images.unsplash.com/photo-1484154218962-a197022b5858?w=1200&q=80|https://images.unsplash.com/photo-1576941089067-2de3c901e126?w=1200&q=80|https://images.unsplash.com/photo-1570129477492-45c003edd2be?w=1200&q=80,dishwasher|pets_allowed,2026-10-01
P-101,Wohntraum Immobilien GmbH,AG101-00004,de,Zentrales 4.5-Zimmer-Einfamilienhaus in Zug,Zentrales Einfamilienhaus mit 4.5 Zimmern und 150 m² Wohnfläche an der Baarerstrasse 110 in Zug. Zur Ausstattung gehören Garage und Garten. Verfügbar ab 2026-12-01.,rent,house,5100,330,,Baarerstrasse 110,6300,Zug,4.5,150,,anna.dubois@wohntraum-immo.ch,https://images.unsplash.com/photo-1613977257363-707ba9348227?w=1200&q=80|https://images.unsplash.com/photo-1613490493576-7fde63acd811?w=1200&q=80|https://images.unsplash.com/photo-1613545325278-f24b0cae1224?w=1200&q=80,dishwasher|garage|garden|parking,2026-12-01
P-104,Casa Bella Immobiliare SA,AG104-00002,de,Gepflegte 1.5-Zimmer-Wohnung in Zürich,Gepflegte Wohnung mit 1.5 Zimmern und 40 m² Wohnfläche im 3. Stock an der Bahnhofstrasse 15 in Zürich. Zur Ausstattung gehören Garten. Verfügbar ab 2026-11-01.,rent,flat,1610,340,,Bahnhofstrasse 15,8006,Zürich,1.5,40,3,jan.keller@casabella-immo.ch,https://images.unsplash.com/photo-1556912167-f556f1f39fdf?w=1200&q=80|https://images.unsplash.com/photo-1600585154526-990dced4db0d?w=1200&q=80,garden|minergie|pets_allowed|storage_room,2026-11-01
P-102,Régie du Lac SA,AG102-00003,fr,Appartement lumineux de 3.5 pièces à Neuchâtel,"Appartement lumineux de 3.5 pièces avec 89 m² de surface habitable au 4e étage, situé Rue du Seyon 47 à Neuchâtel. Comprend jardin. Disponible dès le 2026-10-01.",rent,flat,2160,160,,Rue du Seyon 47,2000,Neuchâtel,3.5,89,4,elena.dubois@regiedulac.ch,https://images.unsplash.com/photo-1613545325278-f24b0cae1224?w=1200&q=80|https://images.unsplash.com/photo-1493809842364-78817add7ffb?w=1200&q=80|https://images.unsplash.com/photo-1560185127-6ed189bf02f4?w=1200&q=80|https://images.unsplash.com/photo-1580587771525-78b9dba3b914?w=1200&q=80,garden|washing_machine,2026-10-01
P-104,Casa Bella Immobiliare SA,AG104-00003,de,Helle 3.5-Zimmer-Wohnung in Aarau,Helle Wohnung mit 3.5 Zimmern und 95 m² Wohnfläche im 2. Stock an der Igelweid 37 in Aarau. Zur Ausstattung gehören Garage und Garten. Verfügbar ab 2027-03-01.,rent,flat,1910,150,,Igelweid 37,5000,Aarau,3.5,95,2,elena.dubois@casabella-immo.ch,https://images.unsplash.com/photo-1600047509807-ba8f99d2cdde?w=1200&q=80|https://images.unsplash.com/photo-1554995207-c18c203602cb?w=1200&q=80|https://images.unsplash.com/photo-1568605114967-8130f3a36994?w=1200&q=80,dishwasher|garage|garden|minergie|washing_machine,2027-03-01
P-103,Alpina Real Estate AG,AG103-00002,de,Charmante 2.5-Zimmer-Maisonette-Wohnung in Bern,Charmante Maisonette-Wohnung mit 2.5 Zimmern und 68 m² Wohnfläche im 2. Stock an der Brunnmattstrasse 4 in Bern. Zur Ausstattung gehören Lift. Verfügbar ab 2026-12-01.,rent,duplex,1930,200,,Brunnmattstrasse 4,3005,Bern,2.5,68,2,elena.favre@alpina-realestate.ch,https://images.unsplash.com/photo-1600585154526-990dced4db0d?w=1200&q=80|https://images.unsplash.com/photo-1580587771525-78b9dba3b914?w=1200&q=80|https://images.unsplash.com/photo-1556909114-f6e7ad7d3136?w=1200&q=80,dishwasher|elevator|minergie,2026-12-01
P-104,Casa Bella Immobiliare SA,AG104-00004,de,Grosszügiges 1.5-Zimmer-Studio in Luzern,Grosszügiges Studio mit 1.5 Zimmern und 38 m² Wohnfläche im 1. Stock an der Obergrundstrasse 67 in Luzern. Zur Ausstattung gehören Lift und Garten. Verfügbar ab 2026-09-01.,rent,studio,1090,330,,Obergrundstrasse 67,6004,Luzern,1.5,38,1,sofia.favre@casabella-immo.ch,https://images.unsplash.com/photo-1484154218962-a197022b5858?w=1200&q=80|https://images.unsplash.com/photo-1613490493576-7fde63acd811?w=1200&q=80|https://images.unsplash.com/photo-1600047509807-ba8f99d2cdde?w=1200&q=80,elevator|garden,2026-09-01
P-104,Casa Bella Immobiliare SA,AG104-00005,de,Renoviertes 5.5-Zimmer-Loft in Luzern,Renoviertes Loft mit 5.5 Zimmern und 147 m² Wohnfläche im 6. Stock an der Pilatusstrasse 108 in Luzern. Zur Ausstattung gehören Cheminée und Garage. Verfügbar ab 2027-01-01.,buy,loft,,,1593000,Pilatusstrasse 108,6005,Luzern,5.5,147,6,anna.rossi@casabella-immo.ch,https://images.unsplash.com/photo-1600047509807-ba8f99d2cdde?w=1200&q=80|https://images.unsplash.com/photo-1502672260266-1c1ef2d93688?w=1200&q=80|https://images.unsplash.com/photo-1560185007-cde436f6a4d0?w=1200&q=80,fireplace|garage|minergie|storage_room|washing_machine,2027-01-01
P-103,Alpina Real Estate AG,AG103-00003,de,Zentrale 3.5-Zimmer-Wohnung in Zürich,Zentrale Wohnung mit 3.5 Zimmern und 86 m² Wohnfläche im 4. Stock an der Universitätstrasse 43 in Zürich. Zur Ausstattung gehören Lift und Parkplatz. Verfügbar ab 2027-04-01.,rent,flat,2740,210,,Universitätstrasse 43,8046,Zürich,3.5,86,4,luca.rossi@alpina-realestate.ch,https://images.unsplash.com/photo-1600607687920-4e2a09cf159d?w=1200&q=80|https://images.unsplash.com/photo-1580587771525-78b9dba3b914?w=1200&q=80|https://images.unsplash.com/photo-1560184897-ae75f418493e?w=1200&q=80,elevator|parking|washing_machine,2027-04-01
P-103,Alpina Real Estate AG,AG103-00004,fr,Studio charmant de 1.0 pièces à Genève,"Studio charmant de 1.0 pièces avec 28 m² de surface habitable au 6e étage, situé Rue de Lausanne 29 à Genève. Comprend jardin. Disponible dès le 2027-03-01.",rent,studio,1000,340,,Rue de Lausanne 29,1203,Genève,1.0,28,6,luca.frei@alpina-realestate.ch,https://images.unsplash.com/photo-1554995207-c18c203602cb?w=1200&q=80|https://images.unsplash.com/photo-1613490493576-7fde63acd811?w=1200&q=80|https://images.unsplash.com/photo-1600607687920-4e2a09cf159d?w=1200&q=80,garden|storage_room|washing_machine|wheelchair_access,2027-03-01
P-100,Immo Zentrum AG,AG100-00003,fr,Maison individuelle centrale de 5.5 pièces à Sion,"Maison individuelle centrale de 5.5 pièces avec 181 m² de surface habitable, située Avenue de la Gare 111 à Sion. Comprend jardin et place de parc. Disponible dès le 2026-11-01.",buy,house,,,1674000,Avenue de la Gare 111,1950,Sion,5.5,181,,jan.frei@immo-zentrum.ch,https://images.unsplash.com/photo-1568605114967-8130f3a36994?w=1200&q=80|https://images.unsplash.com/photo-1600047509807-ba8f99d2cdde?w=1200&q=80|https://images.unsplash.com/photo-1600607687939-ce8a6c25118c?w=1200&q=80,garden|minergie|parking,2026-11-01
P-101,Wohntraum Immobilien GmbH,AG101-00005,fr,Appartement moderne de 4.5 pièces à Neuchâtel,"Appartement moderne de 4.5 pièces avec 109 m² de surface habitable au 6e étage, situé Rue du Seyon 97 à Neuchâtel. Comprend ascenseur. Disponible dès le 2026-12-01.",rent,flat,2600,230,,Rue du Seyon 97,2000,Neuchâtel,4.5,109,6,luca.martin@wohntraum-immo.ch,https://images.unsplash.com/photo-1570129477492-45c003edd2be?w=1200&q=80|https://images.unsplash.com/photo-1484154218962-a197022b5858?w=1200&q=80,elevator|pets_allowed,2026-12-01
P-103,Alpina Real Estate AG,AG103-00005,de,Moderne 2.5-Zimmer-Dachwohnung in Zürich,Moderne Dachwohnung mit 2.5 Zimmern und 66 m² Wohnfläche im 1. Stock an der Röntgenstrasse 4 in Zürich. Zur Ausstattung gehören Garage. Verfügbar ab 2027-03-01.,rent,attic_flat,2180,200,,Röntgenstrasse 4,8006,Zürich,2.5,66,1,sofia.favre@alpina-realestate.ch,https://images.unsplash.com/photo-1560185007-cde436f6a4d0?w=1200&q=80|https://images.unsplash.com/photo-1613977257363-707ba9348227?w=1200&q=80|https://images.unsplash.com/photo-1556909114-f6e7ad7d3136?w=1200&q=80|https://images.unsplash.com/photo-1570129477492-45c003edd2be?w=1200&q=80,dishwasher|garage,2027-03-01
P-103,Alpina Real Estate AG,AG103-00006,de,Zentrale 3.5-Zimmer-Wohnung in Köniz,Zentrale Wohnung mit 3.5 Zimmern und 100 m² Wohnfläche im 4. Stock an der Sägestrasse 9 in Köniz. Verfügbar ab 2026-09-01.,buy,flat,,,895000,Sägestrasse 9,3098,Köniz,3.5,100,4,anna.favre@alpina-realestate.ch,https://images.unsplash.com/photo-1600566753190-17f0baa2a6c3?w=1200&q=80|https://images.unsplash.com/photo-1556909114-f6e7ad7d3136?w=1200&q=80|https://images.unsplash.com/photo-1580587771525-78b9dba3b914?w=1200&q=80,pets_allowed|storage_room,2026-09-01
P-103,Alpina Real Estate AG,AG103-00007,de,Charmantes 6.5-Zimmer-Einfamilienhaus in Basel,Charmantes Einfamilienhaus mit 6.5 Zimmern und 170 m² Wohnfläche an der Steinenvorstadt 36 in Basel. Zur Ausstattung gehören Cheminée und Garten. Verfügbar ab 2026-12-01.,rent,house,4850,260,,Steinenvorstadt 36,4056,Basel,6.5,170,,elena.martin@alpina-realestate.ch,https://images.unsplash.com/photo-1600607687920-4e2a09cf159d?w=1200&q=80|https://images.unsplash.com/photo-1600607687939-ce8a6c25118c?w=1200&q=80|https://images.unsplash.com/photo-1560448204-e02f11c3d0e2?w=1200&q=80|https://images.unsplash.com/photo-1600566752355-35792bedcfea?w=1200&q=80,dishwasher|fireplace|garden|pets_allowed|wheelchair_access,2026-12-01
P-104,Casa Bella Immobiliare SA,AG104-00006,de,Modernes 4.5-Zimmer-Einfamilienhaus in Basel,Modernes Einfamilienhaus mit 4.5 Zimmern und 136 m² Wohnfläche an der Güterstrasse 93 in Basel. Zur Ausstattung gehören Balkon und Lift. Verfügbar ab 2027-04-01.,buy,house,,,1338000,Güterstrasse 93,4056,Basel,4.5,136,,sofia.bernasconi@casabella-immo.ch,https://images.unsplash.com/photo-1560185007-cde436f6a4d0?w=1200&q=80|https://images.unsplash.com/photo-1600566752355-35792bedcfea?w=1200&q=80|https://images.unsplash.com/photo-1600047509807-ba8f99d2cdde?w=1200&q=80|https://images.unsplash.com/photo-1613490493576-7fde63acd811?w=1200&q=80,balcony|elevator|garden|storage_room|washing_machine,2027-04-01
P-100,Immo Zentrum AG,AG100-00004,de,Ruhige 3.5-Zimmer-Wohnung in St. Gallen,Ruhige Wohnung mit 3.5 Zimmern und 83 m² Wohnfläche im 5. Stock an der Langgasse 40 in St. Gallen. Zur Ausstattung gehören Garten. Verfügbar ab 2026-12-01.,rent,flat,1880,200,,Langgasse 40,9008,St. Gallen,3.5,83,5,fraud@immo-zentrum.ch,https://images.unsplash.com/photo-1560185127-6ed189bf02f4?w=1200&q=80|https://images.unsplash.com/photo-1600121848594-d8644e57abab?w=1200&q=80,garden|pets_allowed|storage_room|wheelchair_access,2026-12-01
P-102,Régie du Lac SA,AG102-00004,de,Gepflegtes 6.5-Zimmer-Reihenhaus in St. Gallen,Gepflegtes Reihenhaus mit 6.5 Zimmern und 172 m² Wohnfläche an der Rorschacher Strasse 39 in St. Gallen. Zur Ausstattung gehören Lift und Garten. Verfügbar ab 2026-11-01.,buy,terrace_house,,,1506000,Rorschacher Strasse 39,9000,St. Gallen,6.5,172,,luca.keller@regiedulac.ch,https://images.unsplash.com/photo-1600596542815-ffad4c1539a9?w=1200&q=80|https://images.unsplash.com/photo-1560185007-cde436f6a4d0?w=1200&q=80|https://images.unsplash.com/photo-1484154218962-a197022b5858?w=1200&q=80|https://images.unsplash.com/photo-1556909114-f6e7ad7d3136?w=1200&q=80,dishwasher|elevator|garden|minergie|parking,2026-11-01
P-104,Casa Bella Immobiliare SA,AG104-00007,de,Modernes 5.5-Zimmer-Einfamilienhaus in Zürich,Modernes Einfamilienhaus mit 5.5 Zimmern und 145 m² Wohnfläche an der Seefeldstrasse 52 in Zürich. Zur Ausstattung gehören Balkon und Cheminée. Verfügbar ab 2026-10-01.,buy,house,,,2052000,Seefeldstrasse 52,8037,Zürich,5.5,145,,luca.huber@casabella-immo.ch,https://images.unsplash.com/photo-1613490493576-7fde63acd811?w=1200&q=80|https://images.unsplash.com/photo-1598928506311-c55ded91a20c?w=1200&q=80,balcony|dishwasher|fireplace|garage|garden,2026-10-01
P-104,Casa Bella Immobiliare SA,AG104-00008,it,Casa a schiera tranquilla di 4.5 locali a Lugano,"Casa a schiera tranquilla di 4.5 locali con 154 m² di superficie abitabile, in Via Pretorio 111 a Lugano. Include camino e giardino. Disponibile dal 2027-01-01.",rent,terrace_house,4350,300,,Via Pretorio 111,6962,Lugano,4.5,154,,elena.keller@casabella-immo.ch,https://images.unsplash.com/photo-1560185127-6ed189bf02f4?w=1200&q=80|https://images.unsplash.com/photo-1493809842364-78817add7ffb?w=1200&q=80|https://images.unsplash.com/photo-1560184897-ae75f418493e?w=1200&q=80|https://images.unsplash.com/photo-1568605114967-8130f3a36994?w=1200&q=80,fireplace|garden|storage_room,2027-01-01
P-100,Immo Zentrum AG,AG100-00005,fr,Studio charmant de 1.5 pièces à Sion,"Studio charmant de 1.5 pièces avec 40 m² de surface habitable au 1er étage, situé Rue du Grand-Pont 91 à Sion. Comprend balcon et cheminée. Disponible dès le 2027-04-01.",rent,studio,870,160,,Rue du Grand-Pont 91,1950,Sion,1.5,40,1,sofia.meier@immo-zentrum.ch,https://images.unsplash.com/photo-1598928506311-c55ded91a20c?w=1200&q=80|https://images.unsplash.com/photo-1554995207-c18c203602cb?w=1200&q=80|https://images.unsplash.com/photo-1613490493576-7fde63acd811?w=1200&q=80|https://images.unsplash.com/photo-1576941089067-2de3c901e126?w=1200&q=80,balcony|dishwasher|fireplace|washing_machine|wheelchair_access,2027-04-01
P-103,Alpina Real Estate AG,AG103-00008,fr,Appartement rénové de 2.5 pièces à Sion,"Appartement rénové de 2.5 pièces avec 65 m² de surface habitable au 5e étage, situé Rue du Grand-Pont 16 à Sion. Comprend garage. Disponible dès le 2027-01-01.",rent,flat,1290,150,,Rue du Grand-Pont 16,1950,Sion,2.5,65,5,jan.steiner@alpina-realestate.ch,https://images.unsplash.com/photo-1600566752355-35792bedcfea?w=1200&q=80|https://images.unsplash.com/photo-1600047509807-ba8f99d2cdde?w=1200&q=80|https://images.unsplash.com/photo-1502672260266-1c1ef2d93688?w=1200&q=80|https://images.unsplash.com/photo-1556912167-f556f1f39fdf?w=1200&q=80,dishwasher|garage,2027-01-01
P-101,Wohntraum Immobilien GmbH,AG101-00006,fr,Appartement lumineux de 4.5 pièces à Bienne,"Appartement lumineux de 4.5 pièces avec 125 m² de surface habitable au 4e étage, situé Bahnhofstrasse 61 à Bienne. Disponible dès le 2027-01-01.",rent,flat,2330,340,,Bahnhofstrasse 61,2503,Biel/Bienne,4.5,125,4,elena.frei@wohntraum-immo.ch,https://images.unsplash.com/photo-1613977257363-707ba9348227?w=1200&q=80|https://images.unsplash.com/photo-1600566752355-35792bedcfea?w=1200&q=80|https://images.unsplash.com/photo-1502672260266-1c1ef2d93688?w=1200&q=80|https://images.unsplash.com/photo-1600566753190-17f0baa2a6c3?w=1200&q=80,dishwasher|minergie,2027-01-01
P-104,Casa Bella Immobiliare SA,AG104-00009,de,Renovierte 2.5-Zimmer-Wohnung in Bern,Renovierte Wohnung mit 2.5 Zimmern und 72 m² Wohnfläche im 2. Stock an der Stauffacherstrasse 15 in Bern. Zur Ausstattung gehören Balkon und Cheminée. Verfügbar ab 2026-09-01.,rent,flat,1980,270,,Stauffacherstrasse 15,3013,Bern,2.5,72,2,anna.frei@casabella-immo.ch,https://images.unsplash.com/photo-1568605114967-8130f3a36994?w=1200&q=80|https://images.unsplash.com/photo-1600210492486-724fe5c67fb0?w=1200&q=80,balcony|fireplace|parking|pets_allowed|storage_room,2026-09-01
P-100,Immo Zentrum AG,AG100-00006,de,Charmante 4.5-Zimmer-Wohnung in Baden,Charmante Wohnung mit 4.5 Zimmern und 121 m² Wohnfläche im 6. Stock an der Badstrasse 40 in Baden. Zur Ausstattung gehören Balkon und Cheminée. Verfügbar ab 2027-03-01.,rent,flat,2400,150,,Badstrasse 40,5400,Baden,4.5,121,6,sofia.favre@immo-zentrum.ch,https://images.unsplash.com/photo-1493809842364-78817add7ffb?w=1200&q=80|https://images.unsplash.com/photo-1556909114-f6e7ad7d3136?w=1200&q=80|https://images.unsplash.com/photo-1613977257363-707ba9348227?w=1200&q=80,balcony|fireplace|parking|washing_machine,2027-03-01
P-104,Casa Bella Immobiliare SA,AG104-00010,de,Moderne 3.5-Zimmer-Wohnung in Luzern,Moderne Wohnung mit 3.5 Zimmern und 91 m² Wohnfläche im 2. Stock an der Bruchstrasse 99 in Luzern. Zur Ausstattung gehören Lift und Garage. Verfügbar ab 2027-02-01.,rent,flat,2490,230,,Bruchstrasse 99,6004,Luzern,3.5,91,2,jan.keller@casabella-immo.ch,https://images.unsplash.com/photo-1560185127-6ed189bf02f4?w=1200&q=80|https://images.unsplash.com/photo-1600596542815-ffad4c1539a9?w=1200&q=80|https://images.unsplash.com/photo-1613977257363-707ba9348227?w=1200&q=80,elevator|garage|garden|minergie|storage_room,2027-02-01
P-103,Alpina Real Estate AG,AG103-00009,de,Charmantes 1.5-Zimmer-Studio in Zürich,Charmantes Studio mit 1.5 Zimmern und 43 m² Wohnfläche im 3. Stock an der Universitätstrasse 6 in Zürich. Zur Ausstattung gehören Lift und Cheminée. Verfügbar ab 2027-04-01.,rent,studio,1470,250,,Universitätstrasse 6,8008,Zürich,1.5,43,3,fraud@alpina-realestate.ch,https://images.unsplash.com/photo-1522708323590-d24dbb6b0267?w=1200&q=80|https://images.unsplash.com/photo-1484154218962-a197022b5858?w=1200&q=80|https://images.unsplash.com/photo-1600210492486-724fe5c67fb0?w=1200&q=80,elevator|fireplace|garden|pets_allowed|wheelchair_access,2027-04-01
P-100,Immo Zentrum AG,AG100-00007,de,Ruhiges 5.5-Zimmer-Reihenhaus in Luzern,Ruhiges Reihenhaus mit 5.5 Zimmern und 179 m² Wohnfläche an der Bruchstrasse 44 in Luzern. Zur Ausstattung gehören Balkon und Garage. Verfügbar ab 2027-03-01.,buy,terrace_house,,,1893000,Bruchstrasse 44,6005,Luzern,5.5,179,,claire.steiner@immo-zentrum.ch,https://images.unsplash.com/photo-1600607687939-ce8a6c25118c?w=1200&q=80|https://images.unsplash.com/photo-1556909114-f6e7ad7d3136?w=1200&q=80|https://images.unsplash.com/photo-1560185007-cde436f6a4d0?w=1200&q=80,balcony|garage|garden|minergie|parking,2027-03-01
P-100,Immo Zentrum AG,AG100-00008,de,Modernes 5.5-Zimmer-Einfamilienhaus in Luzern,Modernes Einfamilienhaus mit 5.5 Zimmern und 179 m² Wohnfläche an der Bruchstrasse 22 in Luzern. Zur Ausstattung gehören Lift und Garten. Verfügbar ab 2027-01-01.,buy,house,,,1950000,Bruchstrasse 22,6005,Luzern,5.5,179,,luca.dubois@immo-zentrum.ch,https://images.unsplash.com/photo-1600596542815-ffad4c1539a9?w=1200&q=80|https://images.unsplash.com/photo-1600566753190-17f0baa2a6c3?w=1200&q=80,elevator|garden|minergie|parking,2027-01-01
P-103,Alpina Real Estate AG,AG103-00010,de,Charmante 2.5-Zimmer-Wohnung in Uster,Charmante Wohnung mit 2.5 Zimmern und 59 m² Wohnfläche im 3. Stock an der Seestrasse 117 in Uster. Zur Ausstattung gehören Garten. Verfügbar ab 2026-12-01.,rent,flat,1390,160,,Seestrasse 117,8610,Uster,2.5,59,3,jan.bernasconi@alpina-realestate.ch,https://images.unsplash.com/photo-1554995207-c18c203602cb?w=1200&q=80|https://images.unsplash.com/photo-1560448204-e02f11c3d0e2?w=1200&q=80|https://images.unsplash.com/photo-1580587771525-78b9dba3b914?w=1200&q=80,garden|wheelchair_access,2026-12-01
P-101,Wohntraum Immobilien GmbH,AG101-00007,de,Renoviertes 5.5-Zimmer-Einfamilienhaus in Köniz,Renoviertes Einfamilienhaus mit 5.5 Zimmern und 170 m² Wohnfläche an der Schwarzenburgstrasse 50 in Köniz. Zur Ausstattung gehören Cheminée und Garten. Verfügbar ab 2026-10-01.,buy,house,,,1315000,Schwarzenburgstrasse 50,3098,Köniz,5.5,170,,matteo.martin@wohntraum-immo.ch,https://images.unsplash.com/photo-1598928506311-c55ded91a20c?w=1200&q=80|https://images.unsplash.com/photo-1600596542815-ffad4c1539a9?w=1200&q=80|https://images.unsplash.com/photo-1560185007-cde436f6a4d0?w=1200&q=80,dishwasher|fireplace|garden|minergie,2026-10-01
P-101,Wohntraum Immobilien GmbH,AG101-00008,de,Renovierte 4.5-Zimmer-Wohnung in Baden,Renovierte Wohnung mit 4.5 Zimmern und 108 m² Wohnfläche im 4. Stock an der Badstrasse 78 in Baden. Zur Ausstattung gehören Cheminée. Verfügbar ab 2026-12-01.,buy,flat,,,961000,Badstrasse 78,5400,Baden,4.5,108,4,elena.meier@wohntraum-immo.ch,https://images.unsplash.com/photo-1560184897-ae75f418493e?w=1200&q=80|https://images.unsplash.com/photo-1560185127-6ed189bf02f4?w=1200&q=80|https://images.unsplash.com/photo-1554995207-c18c203602cb?w=1200&q=80|https://images.unsplash.com/photo-1613977257363-707ba9348227?w=1200&q=80,fireplace|wheelchair_access,2026-12-01
P-104,Casa Bella Immobiliare SA,AG104-00011,de,Gepflegte 2.5-Zimmer-Wohnung in Basel,Gepflegte Wohnung mit 2.5 Zimmern und 73 m² Wohnfläche im 5. Stock an der Missionsstrasse 23 in Basel. Zur Ausstattung gehören Garage und Parkplatz. Verfügbar ab 2026-11-01.,rent,flat,2150,130,,Missionsstrasse 23,4052,Basel,2.5,73,5,claire.steiner@casabella-immo.ch,https://images.unsplash.com/photo-1576941089067-2de3c901e126?w=1200&q=80|https://images.unsplash.com/photo-1600585154340-be6161a56a0c?w=1200&q=80|https://images.unsplash.com/photo-1613977257363-707ba9348227?w=1200&q=80|https://images.unsplash.com/photo-1512917774080-9991f1c4c750?w=1200&q=80,dishwasher|garage|parking|washing_machine,2026-11-01
P-100,Immo Zentrum AG,AG100-00009,de,Grosszügige 4.5-Zimmer-Wohnung in St. Gallen,Grosszügige Wohnung mit 4.5 Zimmern und 133 m² Wohnfläche im 2. Stock an der Rorschacher Strasse 111 in St. Gallen. Zur Ausstattung gehören Cheminée und Parkplatz. Verfügbar ab 2027-02-01.,buy,flat,,,1026000,Rorschacher Strasse 111,9008,St. Gallen,4.5,133,2,matteo.keller@immo-zentrum.ch,https://images.unsplash.com/photo-1600121848594-d8644e57abab?w=1200&q=80|https://images.unsplash.com/photo-1493809842364-78817add7ffb?w=1200&q=80|https://images.unsplash.com/photo-1600047509807-ba8f99d2cdde?w=1200&q=80,fireplace|parking,2027-02-01
P-100,Immo Zentrum AG,AG100-00010,de,Moderne 3.5-Zimmer-Wohnung in Baden,Moderne Wohnung mit 3.5 Zimmern und 93 m² Wohnfläche im 6. Stock an der Bruggerstrasse 117 in Baden. Zur Ausstattung gehören Balkon und Lift. Verfügbar ab 2027-03-01.,rent,flat,1920,280,,Bruggerstrasse 117,5400,Baden,3.5,93,6,marc.keller@immo-zentrum.ch,https://images.unsplash.com/photo-1600596542815-ffad4c1539a9?w=1200&q=80|https://images.unsplash.com/photo-1600566752355-35792bedcfea?w=1200&q=80,balcony|elevator|pets_allowed|storage_room|wheelchair_access,2027-03-01
P-101,Wohntraum Immobilien GmbH,AG101-00009,fr,Appartement central de 3.5 pièces à Genève,"Appartement central de 3.5 pièces avec 101 m² de surface habitable au 1er étage, situé Avenue de Champel 5 à Genève. Comprend cheminée et garage. Disponible dès le 2027-02-01.",rent,flat,3480,340,,Avenue de Champel 5,1207,Genève,3.5,101,1,anna.bernasconi@wohntraum-immo.ch,https://images.unsplash.com/photo-1613545325278-f24b0cae1224?w=1200&q=80|https://images.unsplash.com/photo-1600566753190-17f0baa2a6c3?w=1200&q=80,fireplace|garage|garden|parking|wheelchair_access,2027-02-01
P-101,Wohntraum Immobilien GmbH,AG101-00010,de,Charmante 3.5-Zimmer-Wohnung in Zürich,Charmante Wohnung mit 3.5 Zimmern und 92 m² Wohnfläche im 5. Stock an der Röntgenstrasse 3 in Zürich. Zur Ausstattung gehören Cheminée und Parkplatz. Verfügbar ab 2027-02-01.,rent,flat,3200,160,,Röntgenstrasse 3,8001,Zürich,3.5,92,5,marc.martin@wohntraum-immo.ch,https://images.unsplash.com/photo-1502672260266-1c1ef2d93688?w=1200&q=80|https://images.unsplash.com/photo-1613977257363-707ba9348227?w=1200&q=80,fireplace|parking,2027-02-01
P-100,Immo Zentrum AG,AG100-00011,de,Grosszügiges 4.5-Zimmer-Einfamilienhaus in Bern,Grosszügiges Einfamilienhaus mit 4.5 Zimmern und 140 m² Wohnfläche an der Effingerstrasse 103 in Bern. Zur Ausstattung gehören Garage und Garten. Verfügbar ab 2026-10-01.,buy,house,,,1585000,Effingerstrasse 103,3007,Bern,4.5,140,,marc.keller@immo-zentrum.ch,https://images.unsplash.com/photo-1613490493576-7fde63acd811?w=1200&q=80|https://images.unsplash.com/photo-1570129477492-45c003edd2be?w=1200&q=80|https://images.unsplash.com/photo-1598928506311-c55ded91a20c?w=1200&q=80,dishwasher|garage|garden,2026-10-01
P-104,Casa Bella Immobiliare SA,AG104-00012,fr,Appartement soigné de 2.5 pièces à Neuchâtel,"Appartement soigné de 2.5 pièces avec 60 m² de surface habitable au 1er étage, situé Rue du Seyon 58 à Neuchâtel. Comprend cheminée. Disponible dès le 2026-09-01.",buy,flat,,,493000,Rue du Seyon 58,2000,Neuchâtel,2.5,60,1,jan.bernasconi@casabella-immo.ch,https://images.unsplash.com/photo-1560448204-e02f11c3d0e2?w=1200&q=80|https://images.unsplash.com/photo-1522708323590-d24dbb6b0267?w=1200&q=80|https://images.unsplash.com/photo-1600566752355-35792bedcfea?w=1200&q=80|https://images.unsplash.com/photo-1613545325278-f24b0cae1224?w=1200&q=80,fireplace|washing_machine,2026-09-01
P-104,Casa Bella Immobiliare SA,AG104-00013,de,Gepflegte 2.5-Zimmer-Dachwohnung in Baden,Gepflegte Dachwohnung mit 2.5 Zimmern und 64 m² Wohnfläche im 3. Stock an der Bruggerstrasse 77 in Baden. Zur Ausstattung gehören Garage. Verfügbar ab 2027-04-01.,rent,attic_flat,1190,260,,Bruggerstrasse 77,5400,Baden,2.5,64,3,elena.frei@casabella-immo.ch,https://images.unsplash.com/photo-1613490493576-7fde63acd811?w=1200&q=80|https://images.unsplash.com/photo-1560185007-cde436f6a4d0?w=1200&q=80,dishwasher|garage,2027-04-01
P-100,Immo Zentrum AG,AG100-00012,fr,Appartement soigné de 5.5 pièces à Lausanne,"Appartement soigné de 5.5 pièces avec 152 m² de surface habitable au 1er étage, situé Avenue de Cour 48 à Lausanne. Comprend jardin et place de parc. Disponible dès le 2027-04-01.",rent,flat,4590,220,,Avenue de Cour 48,1004,Lausanne,5.5,152,1,nina.favre@immo-zentrum.ch,https://images.unsplash.com/photo-1600585154526-990dced4db0d?w=1200&q=80|https://images.unsplash.com/photo-1493809842364-78817add7ffb?w=1200&q=80,garden|minergie|parking|pets_allowed|washing_machine,2027-04-01
P-100,Immo Zentrum AG,AG100-00013,fr,Maison individuelle centrale de 5.5 pièces à Neuchâtel,"Maison individuelle centrale de 5.5 pièces avec 176 m² de surface habitable, située Rue du Seyon 37 à Neuchâtel. Comprend jardin. Disponible dès le 2027-02-01.",rent,house,3860,200,,Rue du Seyon 37,2000,Neuchâtel,5.5,176,,elena.steiner@immo-zentrum.ch,https://images.unsplash.com/photo-1484154218962-a197022b5858?w=1200&q=80|https://images.unsplash.com/photo-1554995207-c18c203602cb?w=1200&q=80,garden|pets_allowed,2027-02-01
P-102,Régie du Lac SA,AG102-00005,de,Renovierte 2.5-Zimmer-Maisonette-Wohnung in Luzern,Renovierte Maisonette-Wohnung mit 2.5 Zimmern und 62 m² Wohnfläche im 4. Stock an der Pilatusstrasse 24 in Luzern. Zur Ausstattung gehören Balkon. Verfügbar ab 2027-01-01.,rent,duplex,1820,250,,Pilatusstrasse 24,6004,Luzern,2.5,62,4,claire.keller@regiedulac.ch,https://images.unsplash.com/photo-1613545325278-f24b0cae1224?w=1200&q=80|https://images.unsplash.com/photo-1484154218962-a197022b5858?w=1200&q=80,balcony|minergie|storage_room|washing_machine|wheelchair_access,2027-01-01
P-104,Casa Bella Immobiliare SA,AG104-00014,de,Gepflegtes 1.5-Zimmer-Studio in Winterthur,Gepflegtes Studio mit 1.5 Zimmern und 33 m² Wohnfläche im 5. Stock an der Marktgasse 48 in Winterthur. Zur Ausstattung gehören Cheminée und Garten. Verfügbar ab 2027-02-01.,rent,studio,600,290,,Marktgasse 48,8404,Winterthur,1.5,33,5,elena.favre@casabella-immo.ch,https://images.unsplash.com/photo-1484154218962-a197022b5858?w=1200&q=80|https://images.unsplash.com/photo-1512917774080-9991f1c4c750?w=1200&q=80,fireplace|garden|washing_machine,2027-02-01
P-100,Immo Zentrum AG,AG100-00014,de,Zentrales 4.5-Zimmer-Einfamilienhaus in Zug,Zentrales Einfamilienhaus mit 4.5 Zimmern und 143 m² Wohnfläche an der Baarerstrasse 37 in Zug. Zur Ausstattung gehören Lift und Garten. Verfügbar ab 2027-01-01.,rent,house,5120,220,,Baarerstrasse 37,6300,Zug,4.5,143,,sofia.frei@immo-zentrum.ch,https://images.unsplash.com/photo-1522708323590-d24dbb6b0267?w=1200&q=80|https://images.unsplash.com/photo-1560448204-e02f11c3d0e2?w=1200&q=80|https://images.unsplash.com/photo-1568605114967-8130f3a36994?w=1200&q=80|https://images.unsplash.com/photo-1600596542815-ffad4c1539a9?w=1200&q=80,elevator|garden|parking|pets_allowed|storage_room,2027-01-01
P-100,Immo Zentrum AG,AG100-00015,de,Gepflegtes 4.5-Zimmer-Reihenhaus in Chur,Gepflegtes Reihenhaus mit 4.5 Zimmern und 146 m² Wohnfläche an der Bahnhofstrasse 51 in Chur. Zur Ausstattung gehören Lift und Garage. Verfügbar ab 2027-03-01.,buy,terrace_house,,,1189000,Bahnhofstrasse 51,7000,Chur,4.5,146,,anna.favre@immo-zentrum.ch,https://images.unsplash.com/photo-1598928506311-c55ded91a20c?w=1200&q=80|https://images.unsplash.com/photo-1600585154526-990dced4db0d?w=1200&q=80|https://images.unsplash.com/photo-1600607687920-4e2a09cf159d?w=1200&q=80,elevator|garage|garden|storage_room|washing_machine,2027-03-01
P-103,Alpina Real Estate AG,AG103-00011,de,Charmantes 4.5-Zimmer-Loft in Zug,Charmantes Loft mit 4.5 Zimmern und 109 m² Wohnfläche im 3. Stock an der Chamerstrasse 76 in Zug. Zur Ausstattung gehören Garten und Parkplatz. Verfügbar ab 2026-10-01.,rent,loft,3690,300,,Chamerstrasse 76,6300,Zug,4.5,109,3,jan.dubois@alpina-realestate.ch,https://images.unsplash.com/photo-1600607687939-ce8a6c25118c?w=1200&q=80|https://images.unsplash.com/photo-1560184897-ae75f418493e?w=1200&q=80,garden|parking|pets_allowed|washing_machine|wheelchair_access,2026-10-01
P-100,Immo Zentrum AG,AG100-00016,fr,Appartement rénové de 5.5 pièces à Lausanne,"Appartement rénové de 5.5 pièces avec 148 m² de surface habitable au 4e étage, situé Rue de Bourg 23 à Lausanne. Comprend ascenseur et garage. Disponible dès le 2026-11-01.",rent,flat,4490,200,,Rue de Bourg 23,1007,Lausanne,5.5,148,4,marc.bernasconi@immo-zentrum.ch,https://images.unsplash.com/photo-1560184897-ae75f418493e?w=1200&q=80|https://images.unsplash.com/photo-1598928506311-c55ded91a20c?w=1200&q=80|https://images.unsplash.com/photo-1600047509807-ba8f99d2cdde?w=1200&q=80,elevator|garage|parking,2026-11-01
P-100,Immo Zentrum AG,AG100-00017,de,Modernes 3.5-Zimmer-Loft in Bern,Modernes Loft mit 3.5 Zimmern und 101 m² Wohnfläche im 5. Stock an der Effingerstrasse 60 in Bern. Zur Ausstattung gehören Balkon. Verfügbar ab 2026-09-01.,rent,loft,2730,230,,Effingerstrasse 60,3014,Bern,3.5,101,5,claire.meier@immo-zentrum.ch,https://images.unsplash.com/photo-1556909114-f6e7ad7d3136?w=1200&q=80|https://images.unsplash.com/photo-1613545325278-f24b0cae1224?w=1200&q=80,balcony|dishwasher|pets_allowed|wheelchair_access,2026-09-01
P-100,Immo Zentrum AG,AG100-00018,fr,Maison mitoyenne charmante de 4.5 pièces à Sion,"Maison mitoyenne charmante de 4.5 pièces avec 141 m² de surface habitable, située Rue du Grand-Pont 78 à Sion. Comprend cheminée et jardin. Disponible dès le 2026-11-01.",buy,terrace_house,,,1170000,Rue du Grand-Pont 78,1950,Sion,4.5,141,,anna.favre@immo-zentrum.ch,https://images.unsplash.com/photo-1560185007-cde436f6a4d0?w=1200&q=80|https://images.unsplash.com/photo-1502672260266-1c1ef2d93688?w=1200&q=80|https://images.unsplash.com/photo-1600210492486-724fe5c67fb0?w=1200&q=80,fireplace|garden|wheelchair_access,2026-11-01
P-102,Régie du Lac SA,AG102-00006,de,Zentrales 1.0-Zimmer-Studio in Thun,Zentrales Studio mit 1.0 Zimmern und 23 m² Wohnfläche im 3. Stock an der Frutigenstrasse 100 in Thun. Verfügbar ab 2026-09-01.,buy,studio,,,189000,Frutigenstrasse 100,3600,Thun,1.0,23,3,nina.dubois@regiedulac.ch,https://images.unsplash.com/photo-1600121848594-d8644e57abab?w=1200&q=80|https://images.unsplash.com/photo-1554995207-c18c203602cb?w=1200&q=80,dishwasher|pets_allowed|washing_machine,2026-09-01
P-104,Casa Bella Immobiliare SA,AG104-00015,de,Grosszügige 3.5-Zimmer-Wohnung in Thun,Grosszügige Wohnung mit 3.5 Zimmern und 97 m² Wohnfläche im 5. Stock an der Frutigenstrasse 40 in Thun. Zur Ausstattung gehören Parkplatz. Verfügbar ab 2026-11-01.,buy,flat,,,817000,Frutigenstrasse 40,3600,Thun,3.5,97,5,nina.meier@casabella-immo.ch,https://images.unsplash.com/photo-1600607687920-4e2a09cf159d?w=1200&q=80|https://images.unsplash.com/photo-1556909114-f6e7ad7d3136?w=1200&q=80|https://images.unsplash.com/photo-1613490493576-7fde63acd811?w=1200&q=80|https://images.unsplash.com/photo-1600607687939-ce8a6c25118c?w=1200&q=80,parking|pets_allowed|wheelchair_access,2026-11-01
P-102,Régie du Lac SA,AG102-00007,de,Zentrales 6.5-Zimmer-Einfamilienhaus in Zürich,Zentrales Einfamilienhaus mit 6.5 Zimmern und 199 m² Wohnfläche an der Weinbergstrasse 47 in Zürich. Zur Ausstattung gehören Garten. Verfügbar ab 2027-02-01.,buy,house,,,3205000,Weinbergstrasse 47,8001,Zürich,6.5,199,,marc.rossi@regiedulac.ch,https://images.unsplash.com/photo-1560184897-ae75f418493e?w=1200&q=80|https://images.unsplash.com/photo-1600566752355-35792bedcfea?w=1200&q=80|https://images.unsplash.com/photo-1568605114967-8130f3a36994?w=1200&q=80,garden|minergie|washing_machine,2027-02-01
P-104,Casa Bella Immobiliare SA,AG104-00016,fr,Appartement spacieux de 2.5 pièces à Neuchâtel,"Appartement spacieux de 2.5 pièces avec 58 m² de surface habitable au 2e étage, situé Faubourg de l'Hôpital 20 à Neuchâtel. Disponible dès le 2026-11-01.",buy,flat,,,410000,Faubourg de l'Hôpital 20,2000,Neuchâtel,2.5,58,2,marc.bernasconi@casabella-immo.ch,https://images.unsplash.com/photo-1600585154526-990dced4db0d?w=1200&q=80|https://images.unsplash.com/photo-1600566753190-17f0baa2a6c3?w=1200&q=80,minergie|pets_allowed,2026-11-01
P-104,Casa Bella Immobiliare SA,AG104-00017,de,Gepflegtes 3.5-Zimmer-Loft in Bern,Gepflegtes Loft mit 3.5 Zimmern und 104 m² Wohnfläche im 4. Stock an der Breitenrainstrasse 60 in Bern. Zur Ausstattung gehören Lift und Cheminée. Verfügbar ab 2027-03-01.,rent,loft,3040,220,,Breitenrainstrasse 60,3011,Bern,3.5,104,4,david.frei@casabella-immo.ch,https://images.unsplash.com/photo-1613977257363-707ba9348227?w=1200&q=80|https://images.unsplash.com/photo-1568605114967-8130f3a36994?w=1200&q=80,dishwasher|elevator|fireplace,2027-03-01
P-103,Alpina Real Estate AG,AG103-00012,de,Modernes 4.5-Zimmer-Einfamilienhaus in Chur,Modernes Einfamilienhaus mit 4.5 Zimmern und 150 m² Wohnfläche an der Masanserstrasse 11 in Chur. Zur Ausstattung gehören Garten. Verfügbar ab 2027-01-01.,buy,house,,,1170000,Masanserstrasse 11,7000,Chur,4.5,150,,david.huber@alpina-realestate.ch,https://images.unsplash.com/photo-1502672260266-1c1ef2d93688?w=1200&q=80|https://images.unsplash.com/photo-1576941089067-2de3c901e126?w=1200&q=80|https://images.unsplash.com/photo-1570129477492-45c003edd2be?w=1200&q=80,garden|storage_room|washing_machine,2027-01-01
P-101,Wohntraum Immobilien GmbH,AG101-00011,de,Modernes 5.5-Zimmer-Einfamilienhaus in Luzern,Modernes Einfamilienhaus mit 5.5 Zimmern und 181 m² Wohnfläche an der Obergrundstrasse 84 in Luzern. Zur Ausstattung gehören Balkon und Lift. Verfügbar ab 2026-11-01.,buy,house,,,1832000,Obergrundstrasse 84,6004,Luzern,5.5,181,,luca.meier@wohntraum-immo.ch,https://images.unsplash.com/photo-1560185007-cde436f6a4d0?w=1200&q=80|https://images.unsplash.com/photo-1613977257363-707ba9348227?w=1200&q=80|https://images.unsplash.com/photo-1484154218962-a197022b5858?w=1200&q=80,balcony|elevator|garden|minergie|parking|pets_allowed,2026-11-01
P-102,Régie du Lac SA,AG102-00008,it,Casa unifamiliare centrale di 5.5 locali a Lugano,"Casa unifamiliare centrale di 5.5 locali con 160 m² di superficie abitabile, in Via Nassa 100 a Lugano. Include giardino. Disponibile dal 2026-12-01.",buy,house,,,1563000,Via Nassa 100,6962,Lugano,5.5,160,,nina.keller@regiedulac.ch,https://images.unsplash.com/photo-1600585154526-990dced4db0d?w=1200&q=80|https://images.unsplash.com/photo-1556909114-f6e7ad7d3136?w=1200&q=80,garden|storage_room|washing_machine|wheelchair_access,2026-12-01
P-104,Casa Bella Immobiliare SA,AG104-00018,de,Zentrales 5.5-Zimmer-Einfamilienhaus in Basel,Zentrales Einfamilienhaus mit 5.5 Zimmern und 143 m² Wohnfläche an der Steinenvorstadt 79 in Basel. Zur Ausstattung gehören Garage und Garten. Verfügbar ab 2026-12-01.,buy,house,,,1517000,Steinenvorstadt 79,4053,Basel,5.5,143,,matteo.huber@casabella-immo.ch,https://images.unsplash.com/photo-1554995207-c18c203602cb?w=1200&q=80|https://images.unsplash.com/photo-1502672260266-1c1ef2d93688?w=1200&q=80|https://images.unsplash.com/photo-1600210492486-724fe5c67fb0?w=1200&q=80|https://images.unsplash.com/photo-1600566753190-17f0baa2a6c3?w=1200&q=80,dishwasher|garage|garden|washing_machine,2026-12-01
P-101,Wohntraum Immobilien GmbH,AG101-00012,de,Helle 5.5-Zimmer-Wohnung in Luzern,Helle Wohnung mit 5.5 Zimmern und 144 m² Wohnfläche im 6. Stock an der Bruchstrasse 101 in Luzern. Zur Ausstattung gehören Balkon und Cheminée. Verfügbar ab 2027-02-01.,buy,flat,,,1535000,Bruchstrasse 101,6003,Luzern,5.5,144,6,nina.martin@wohntraum-immo.ch,https://images.unsplash.com/photo-1560184897-ae75f418493e?w=1200&q=80|https://images.unsplash.com/photo-1600607687939-ce8a6c25118c?w=1200&q=80|https://images.unsplash.com/photo-1484154218962-a197022b5858?w=1200&q=80|https://images.unsplash.com/photo-1522708323590-d24dbb6b0267?w=1200&q=80,balcony|dishwasher|fireplace|garden|pets_allowed,2027-02-01
P-100,Immo Zentrum AG,AG100-00019,fr,Appartement lumineux de 3.5 pièces à Sion,"Appartement lumineux de 3.5 pièces avec 99 m² de surface habitable au 1er étage, situé Rue du Grand-Pont 26 à Sion. Comprend cheminée et garage. Disponible dès le 2026-12-01.",buy,flat,,,856000,Rue du Grand-Pont 26,1950,Sion,3.5,99,1,claire.meier@immo-zentrum.ch,https://images.unsplash.com/photo-1600607687920-4e2a09cf159d?w=1200&q=80|https://images.unsplash.com/photo-1613977257363-707ba9348227?w=1200&q=80|https://images.unsplash.com/photo-1600121848594-d8644e57abab?w=1200&q=80|https://images.unsplash.com/photo-1600566752355-35792bedcfea?w=1200&q=80,fireplace|garage|minergie|parking|washing_machine,2026-12-01
P-101,Wohntraum Immobilien GmbH,AG101-00013,de,Zentrale 3.5-Zimmer-Wohnung in Zürich,Zentrale Wohnung mit 3.5 Zimmern und 85 m² Wohnfläche im 6. Stock an der Forchstrasse 115 in Zürich. Zur Ausstattung gehören Garten und Parkplatz. Verfügbar ab 2027-02-01.,buy,flat,,,1351000,Forchstrasse 115,8032,Zürich,3.5,85,6,anna.bernasconi@wohntraum-immo.ch,https://images.unsplash.com/photo-1576941089067-2de3c901e126?w=1200&q=80|https://images.unsplash.com/photo-1613490493576-7fde63acd811?w=1200&q=80|https://images.unsplash.com/photo-1600210492486-724fe5c67fb0?w=1200&q=80,dishwasher|garden|parking|pets_allowed,2027-02-01
P-103,Alpina Real Estate AG,AG103-00013,fr,Appartement rénové de 2.5 pièces à Fribourg,"Appartement rénové de 2.5 pièces avec 69 m² de surface habitable, situé Boulevard de Pérolles 58 à Fribourg. Comprend place de parc. Disponible dès le 2026-11-01.",rent,flat,1720,160,,Boulevard de Pérolles 58,1700,Fribourg,2.5,69,0,claire.bernasconi@alpina-realestate.ch,https://images.unsplash.com/photo-1560185127-6ed189bf02f4?w=1200&q=80|https://images.unsplash.com/photo-1613545325278-f24b0cae1224?w=1200&q=80,minergie|parking|pets_allowed|washing_machine,2026-11-01
P-102,Régie du Lac SA,AG102-00009,de,Ruhiges 6.5-Zimmer-Reihenhaus in St. Gallen,Ruhiges Reihenhaus mit 6.5 Zimmern und 214 m² Wohnfläche an der Rorschacher Strasse 17 in St. Gallen. Zur Ausstattung gehören Balkon und Garage. Verfügbar ab 2026-12-01.,rent,terrace_house,5270,140,,Rorschacher Strasse 17,9000,St. Gallen,6.5,214,,claire.frei@regiedulac.ch,https://images.unsplash.com/photo-1522708323590-d24dbb6b0267?w=1200&q=80|https://images.unsplash.com/photo-1556912167-f556f1f39fdf?w=1200&q=80|https://images.unsplash.com/photo-1484154218962-a197022b5858?w=1200&q=80|https://images.unsplash.com/photo-1554995207-c18c203602cb?w=1200&q=80,balcony|garage|garden|pets_allowed|storage_room|wheelchair_access,2026-12-01
P-102,Régie du Lac SA,AG102-00010,de,Helle 3.5-Zimmer-Dachwohnung in Thun,Helle Dachwohnung mit 3.5 Zimmern und 87 m² Wohnfläche im 6. Stock an der Aarestrasse 64 in Thun. Zur Ausstattung gehören Lift und Parkplatz. Verfügbar ab 2026-10-01.,rent,attic_flat,1650,200,,Aarestrasse 64,3600,Thun,3.5,87,6,jan.bernasconi@regiedulac.ch,https://images.unsplash.com/photo-1556912167-f556f1f39fdf?w=1200&q=80|https://images.unsplash.com/photo-1600596542815-ffad4c1539a9?w=1200&q=80,dishwasher|elevator|minergie|parking,2026-10-01
P-102,Régie du Lac SA,AG102-00011,de,Renoviertes 4.5-Zimmer-Loft in Köniz,Renoviertes Loft mit 4.5 Zimmern und 106 m² Wohnfläche im 1. Stock an der Sägestrasse 109 in Köniz. Zur Ausstattung gehören Parkplatz. Verfügbar ab 2026-11-01.,buy,loft,,,850000,Sägestrasse 109,3098,Köniz,4.5,106,1,david.rossi@regiedulac.ch,https://images.unsplash.com/photo-1568605114967-8130f3a36994?w=1200&q=80|https://images.unsplash.com/photo-1613490493576-7fde63acd811?w=1200&q=80,minergie|parking|pets_allowed|washing_machine|wheelchair_access,2026-11-01
P-103,Alpina Real Estate AG,AG103-00014,it,Appartamento ristrutturato di 4.5 locali a Lugano,"Appartamento ristrutturato di 4.5 locali con 99 m² di superficie abitabile al 4° piano, in Via Pretorio 92 a Lugano. Include posteggio. Disponibile dal 2027-03-01.",rent,flat,2700,350,,Via Pretorio 92,6962,Lugano,4.5,99,4,elena.favre@alpina-realestate.ch,https://images.unsplash.com/photo-1600607687939-ce8a6c25118c?w=1200&q=80|https://images.unsplash.com/photo-1556909114-f6e7ad7d3136?w=1200&q=80,minergie|parking|wheelchair_access,2027-03-01
P-101,Wohntraum Immobilien GmbH,AG101-00014,de,Helle 4.5-Zimmer-Wohnung in Zürich,Helle Wohnung mit 4.5 Zimmern und 123 m² Wohnfläche im 2. Stock an der Seefeldstrasse 67 in Zürich. Zur Ausstattung gehören Garage und Garten. Verfügbar ab 2027-01-01.,rent,flat,4910,250,,Seefeldstrasse 67,8004,Zürich,4.5,123,2,marc.dubois@wohntraum-immo.ch,https://images.unsplash.com/photo-1570129477492-45c003edd2be?w=1200&q=80|https://images.unsplash.com/photo-1600566753190-17f0baa2a6c3?w=1200&q=80|https://images.unsplash.com/photo-1600210492486-724fe5c67fb0?w=1200&q=80|https://images.unsplash.com/photo-1580587771525-78b9dba3b914?w=1200&q=80,garage|garden|storage_room,2027-01-01
P-100,Immo Zentrum AG,AG100-00020,de,Grosszügige 2.5-Zimmer-Wohnung in Aarau,Grosszügige Wohnung mit 2.5 Zimmern und 60 m² Wohnfläche im 5. Stock an der Bahnhofstrasse 22 in Aarau. Zur Ausstattung gehören Parkplatz. Verfügbar ab 2026-09-01.,buy,flat,,,452000,Bahnhofstrasse 22,5000,Aarau,2.5,60,5,nina.keller@immo-zentrum.ch,https://images.unsplash.com/photo-1560184897-ae75f418493e?w=1200&q=80|https://images.unsplash.com/photo-1598928506311-c55ded91a20c?w=1200&q=80|https://images.unsplash.com/photo-1600585154340-be6161a56a0c?w=1200&q=80|https://images.unsplash.com/photo-1556909114-f6e7ad7d3136?w=1200&q=80,minergie|parking|storage_room|wheelchair_access,2026-09-01
P-103,Alpina Real Estate AG,AG103-00015,fr,Appartement calme de 4.5 pièces à Genève,"Appartement calme de 4.5 pièces avec 121 m² de surface habitable, situé Rue du Rhône 89 à Genève. Comprend ascenseur et cheminée. Disponible dès le 2026-11-01.",rent,flat,4540,190,,Rue du Rhône 89,1201,Genève,4.5,121,0,matteo.bernasconi@alpina-realestate.ch,https://images.unsplash.com/photo-1568605114967-8130f3a36994?w=1200&q=80|https://images.unsplash.com/photo-1600607687939-ce8a6c25118c?w=1200&q=80|https://images.unsplash.com/photo-1556912167-f556f1f39fdf?w=1200&q=80,dishwasher|elevator|fireplace|garden,2026-11-01
P-101,Wohntraum Immobilien GmbH,AG101-00015,fr,Appartement calme de 3.5 pièces à Genève,"Appartement calme de 3.5 pièces avec 97 m² de surface habitable au 6e étage, situé Rue du Rhône 35 à Genève. Comprend ascenseur. Disponible dès le 2026-12-01.",rent,flat,3370,290,,Rue du Rhône 35,1204,Genève,3.5,97,6,nina.keller@wohntraum-immo.ch,https://images.unsplash.com/photo-1600607687920-4e2a09cf159d?w=1200&q=80|https://images.unsplash.com/photo-1613545325278-f24b0cae1224?w=1200&q=80|https://images.unsplash.com/photo-1556912167-f556f1f39fdf?w=1200&q=80,elevator|pets_allowed,2026-12-01
P-103,Alpina Real Estate AG,AG103-00016,de,Ruhige 2.5-Zimmer-Dachwohnung in Bern,Ruhige Dachwohnung mit 2.5 Zimmern und 71 m² Wohnfläche im 4. Stock an der Effingerstrasse 64 in Bern. Zur Ausstattung gehören Cheminée. Verfügbar ab 2026-10-01.,buy,attic_flat,,,679000,Effingerstrasse 64,3005,Bern,2.5,71,4,david.bernasconi@alpina-realestate.ch,https://images.unsplash.com/photo-1568605114967-8130f3a36994?w=1200&q=80|https://images.unsplash.com/photo-1598928506311-c55ded91a20c?w=1200&q=80,fireplace|storage_room|washing_machine,2026-10-01
P-102,Régie du Lac SA,AG102-00012,de,Grosszügige 1.5-Zimmer-Wohnung in Zürich,Grosszügige Wohnung mit 1.5 Zimmern und 36 m² Wohnfläche im 4. Stock an der Hardturmstrasse 94 in Zürich. Zur Ausstattung gehören Balkon und Garten. Verfügbar ab 2027-03-01.,buy,flat,,,538000,Hardturmstrasse 94,8008,Zürich,1.5,36,4,luca.frei@regiedulac.ch,https://images.unsplash.com/photo-1598928506311-c55ded91a20c?w=1200&q=80|https://images.unsplash.com/photo-1600121848594-d8644e57abab?w=1200&q=80,balcony|dishwasher|garden|parking|storage_room,2027-03-01
P-101,Wohntraum Immobilien GmbH,AG101-00016,de,Zentrale 5.5-Zimmer-Wohnung in Bern,Zentrale Wohnung mit 5.5 Zimmern und 133 m² Wohnfläche im 3. Stock an der Stauffacherstrasse 102 in Bern. Zur Ausstattung gehören Garage und Parkplatz. Verfügbar ab 2027-02-01.,rent,flat,3900,180,,Stauffacherstrasse 102,3012,Bern,5.5,133,3,sofia.martin@wohntraum-immo.ch,https://images.unsplash.com/photo-1600607687920-4e2a09cf159d?w=1200&q=80|https://images.unsplash.com/photo-1600210492486-724fe5c67fb0?w=1200&q=80|https://images.unsplash.com/photo-1522708323590-d24dbb6b0267?w=1200&q=80|https://images.unsplash.com/photo-1484154218962-a197022b5858?w=1200&q=80,garage|parking,2027-02-01
P-100,Immo Zentrum AG,AG100-00021,de,Gepflegtes 4.5-Zimmer-Loft in Thun,Gepflegtes Loft mit 4.5 Zimmern und 117 m² Wohnfläche im 1. Stock an der Frutigenstrasse 91 in Thun. Zur Ausstattung gehören Garage und Garten. Verfügbar ab 2027-04-01.,rent,loft,2530,200,,Frutigenstrasse 91,3600,Thun,4.5,117,1,claire.dubois@immo-zentrum.ch,https://images.unsplash.com/photo-1493809842364-78817add7ffb?w=1200&q=80|https://images.unsplash.com/photo-1600585154526-990dced4db0d?w=1200&q=80|https://images.unsplash.com/photo-1598928506311-c55ded91a20c?w=1200&q=80|https://images.unsplash.com/photo-1600596542815-ffad4c1539a9?w=1200&q=80,dishwasher|garage|garden|wheelchair_access,2027-04-01
P-101,Wohntraum Immobilien GmbH,AG101-00017,de,Ruhiges 6.5-Zimmer-Einfamilienhaus in Basel,Ruhiges Einfamilienhaus mit 6.5 Zimmern und 208 m² Wohnfläche an der Güterstrasse 68 in Basel. Zur Ausstattung gehören Balkon und Garten. Verfügbar ab 2026-11-01.,rent,house,5380,270,,Güterstrasse 68,4056,Basel,6.5,208,,luca.martin@wohntraum-immo.ch,https://images.unsplash.com/photo-1493809842364-78817add7ffb?w=1200&q=80|https://images.unsplash.com/photo-1568605114967-8130f3a36994?w=1200&q=80|https://images.unsplash.com/photo-1560448204-e02f11c3d0e2?w=1200&q=80|https://images.unsplash.com/photo-1600047509807-ba8f99d2cdde?w=1200&q=80,balcony|garden|washing_machine|wheelchair_access,2026-11-01
P-102,Régie du Lac SA,AG102-00013,de,Charmante 2.5-Zimmer-Wohnung in Köniz,Charmante Wohnung mit 2.5 Zimmern und 63 m² Wohnfläche im 1. Stock an der Sägestrasse 85 in Köniz. Zur Ausstattung gehören Garage. Verfügbar ab 2027-03-01.,rent,flat,1480,330,,Sägestrasse 85,3098,Köniz,2.5,63,1,marc.bernasconi@regiedulac.ch,https://images.unsplash.com/photo-1600607687939-ce8a6c25118c?w=1200&q=80|https://images.unsplash.com/photo-1600121848594-d8644e57abab?w=1200&q=80|https://images.unsplash.com/photo-1600566753190-17f0baa2a6c3?w=1200&q=80|https://images.unsplash.com/photo-1554995207-c18c203602cb?w=1200&q=80,garage|washing_machine,2027-03-01
P-103,Alpina Real Estate AG,AG103-00017,de,Charmantes 6.5-Zimmer-Einfamilienhaus in Chur,Charmantes Einfamilienhaus mit 6.5 Zimmern und 198 m² Wohnfläche an der Masanserstrasse 99 in Chur. Zur Ausstattung gehören Garten. Verfügbar ab 2026-12-01.,buy,house,,,1605000,Masanserstrasse 99,7000,Chur,6.5,198,,claire.bernasconi@alpina-realestate.ch,https://images.unsplash.com/photo-1600121848594-d8644e57abab?w=1200&q=80|https://images.unsplash.com/photo-1576941089067-2de3c901e126?w=1200&q=80|https://images.unsplash.com/photo-1613490493576-7fde63acd811?w=1200&q=80,dishwasher|garden|storage_room|washing_machine,2026-12-01
P-103,Alpina Real Estate AG,AG103-00018,it,Casa unifamiliare moderna di 5.5 locali a Lugano,"Casa unifamiliare moderna di 5.5 locali con 146 m² di superficie abitabile, in Via Pretorio 119 a Lugano. Include balcone e garage. Disponibile dal 2027-01-01.",buy,house,,,1743000,Via Pretorio 119,6962,Lugano,5.5,146,,sofia.rossi@alpina-realestate.ch,https://images.unsplash.com/photo-1600585154340-be6161a56a0c?w=1200&q=80|https://images.unsplash.com/photo-1576941089067-2de3c901e126?w=1200&q=80|https://images.unsplash.com/photo-1600121848594-d8644e57abab?w=1200&q=80|https://images.unsplash.com/photo-1560185007-cde436f6a4d0?w=1200&q=80,balcony|dishwasher|garage|garden|minergie,2027-01-01
P-101,Wohntraum Immobilien GmbH,AG101-00018,fr,Appartement moderne de 2.5 pièces à Lausanne,"Appartement moderne de 2.5 pièces avec 67 m² de surface habitable au 4e étage, situé Chemin de Montelly 43 à Lausanne. Comprend balcon et ascenseur. Disponible dès le 2026-10-01.",rent,flat,1630,330,,Chemin de Montelly 43,1006,Lausanne,2.5,67,4,luca.steiner@wohntraum-immo.ch,https://images.unsplash.com/photo-1600585154526-990dced4db0d?w=1200&q=80|https://images.unsplash.com/photo-1556909114-f6e7ad7d3136?w=1200&q=80,balcony|elevator|minergie,2026-10-01
P-101,Wohntraum Immobilien GmbH,AG101-00019,de,Charmantes 5.5-Zimmer-Reihenhaus in Luzern,Charmantes Reihenhaus mit 5.5 Zimmern und 162 m² Wohnfläche an der Obergrundstrasse 95 in Luzern. Zur Ausstattung gehören Garten. Verfügbar ab 2026-09-01.,rent,terrace_house,4250,270,,Obergrundstrasse 95,6005,Luzern,5.5,162,,matteo.huber@wohntraum-immo.ch,https://images.unsplash.com/photo-1613977257363-707ba9348227?w=1200&q=80|https://images.unsplash.com/photo-1600607687920-4e2a09cf159d?w=1200&q=80,garden|minergie|wheelchair_access,2026-09-01
P-101,Wohntraum Immobilien GmbH,AG101-00020,de,Modernes 4.5-Zimmer-Einfamilienhaus in Aarau,Modernes Einfamilienhaus mit 4.5 Zimmern und 152 m² Wohnfläche an der Igelweid 37 in Aarau. Zur Ausstattung gehören Garten. Verfügbar ab 2027-04-01.,buy,house,,,1393000,Igelweid 37,5000,Aarau,4.5,152,,david.bernasconi@wohntraum-immo.ch,https://images.unsplash.com/photo-1568605114967-8130f3a36994?w=1200&q=80|https://images.unsplash.com/photo-1613490493576-7fde63acd811?w=1200&q=80|https://images.unsplash.com/photo-1493809842364-78817add7ffb?w=1200&q=80,dishwasher|garden|wheelchair_access,2027-04-01
P-101,Wohntraum Immobilien GmbH,AG101-00021,de,Zentrale 4.5-Zimmer-Wohnung in Zug,Zentrale Wohnung mit 4.5 Zimmern und 122 m² Wohnfläche im 5. Stock an der Chamerstrasse 12 in Zug. Zur Ausstattung gehören Garage und Garten. Verfügbar ab 2026-10-01.,rent,flat,4740,300,,Chamerstrasse 12,6300,Zug,4.5,122,5,marc.bernasconi@wohntraum-immo.ch,https://images.unsplash.com/photo-1576941089067-2de3c901e126?w=1200&q=80|https://images.unsplash.com/photo-1570129477492-45c003edd2be?w=1200&q=80|https://images.unsplash.com/photo-1560448204-e02f11c3d0e2?w=1200&q=80,garage|garden|wheelchair_access,2026-10-01
P-102,Régie du Lac SA,AG102-00014,de,Gepflegte 3.5-Zimmer-Wohnung in Baden,Gepflegte Wohnung mit 3.5 Zimmern und 89 m² Wohnfläche im 2. Stock an der Badstrasse 8 in Baden. Verfügbar ab 2027-04-01.,buy,flat,,,678000,Badstrasse 8,5400,Baden,3.5,89,2,marc.frei@regiedulac.ch,https://images.unsplash.com/photo-1600210492486-724fe5c67fb0?w=1200&q=80|https://images.unsplash.com/photo-1576941089067-2de3c901e126?w=1200&q=80|https://images.unsplash.com/photo-1580587771525-78b9dba3b914?w=1200&q=80|https://images.unsplash.com/photo-1560185007-cde436f6a4d0?w=1200&q=80,dishwasher|minergie,2027-04-01
P-104,Casa Bella Immobiliare SA,AG104-00019,fr,Maison individuelle calme de 6.5 pièces à Lausanne,"Maison individuelle calme de 6.5 pièces avec 169 m² de surface habitable, située Avenue de Morges 48 à Lausanne. Comprend cheminée et garage. Disponible dès le 2027-04-01.",buy,house,,,1833000,Avenue de Morges 48,1006,Lausanne,6.5,169,,sofia.rossi@casabella-immo.ch,https://images.unsplash.com/photo-1560184897-ae75f418493e?w=1200&q=80|https://images.unsplash.com/photo-1556912167-f556f1f39fdf?w=1200&q=80|https://images.unsplash.com/photo-1613545325278-f24b0cae1224?w=1200&q=80|https://images.unsplash.com/photo-1613490493576-7fde63acd811?w=1200&q=80,fireplace|garage|garden|washing_machine,2027-04-01
P-101,Wohntraum Immobilien GmbH,AG101-00022,de,Grosszügige 4.5-Zimmer-Wohnung in St. Gallen,Grosszügige Wohnung mit 4.5 Zimmern und 118 m² Wohnfläche im 2. Stock an der Langgasse 110 in St. Gallen. Zur Ausstattung gehören Garage. Verfügbar ab 2026-10-01.,rent,flat,2590,130,,Langgasse 110,9008,St. Gallen,4.5,118,2,elena.bernasconi@wohntraum-immo.ch,https://images.unsplash.com/photo-1580587771525-78b9dba3b914?w=1200&q=80|https://images.unsplash.com/photo-1600210492486-724fe5c67fb0?w=1200&q=80,garage|storage_room|wheelchair_access,2026-10-01
P-103,Alpina Real Estate AG,AG103-00019,fr,Attique lumineux de 1.5 pièces à Lausanne,"Attique lumineux de 1.5 pièces avec 38 m² de surface habitable au 4e étage, situé Rue de Bourg 75 à Lausanne. Comprend balcon et jardin. Disponible dès le 2026-09-01.",rent,attic_flat,1060,250,,Rue de Bourg 75,1003,Lausanne,1.5,38,4,claire.favre@alpina-realestate.ch,https://images.unsplash.com/photo-1522708323590-d24dbb6b0267?w=1200&q=80|https://images.unsplash.com/photo-1576941089067-2de3c901e126?w=1200&q=80|https://images.unsplash.com/photo-1580587771525-78b9dba3b914?w=1200&q=80|https://images.unsplash.com/photo-1502672260266-1c1ef2d93688?w=1200&q=80,balcony|dishwasher|garden|washing_machine,2026-09-01
P-101,Wohntraum Immobilien GmbH,AG101-00023,de,Modernes 5.5-Zimmer-Reihenhaus in Bern,Modernes Reihenhaus mit 5.5 Zimmern und 142 m² Wohnfläche an der Brunnmattstrasse 84 in Bern. Zur Ausstattung gehören Cheminée und Garten. Verfügbar ab 2026-10-01.,rent,terrace_house,4170,350,,Brunnmattstrasse 84,3012,Bern,5.5,142,,david.frei@wohntraum-immo.ch,https://images.unsplash.com/photo-1484154218962-a197022b5858?w=1200&q=80|https://images.unsplash.com/photo-1560185127-6ed189bf02f4?w=1200&q=80|https://images.unsplash.com/photo-1570129477492-45c003edd2be?w=1200&q=80|https://images.unsplash.com/photo-1613977257363-707ba9348227?w=1200&q=80,fireplace|garden|minergie|pets_allowed|storage_room,2026-10-01
P-103,Alpina Real Estate AG,AG103-00020,de,Grosszügige 1.5-Zimmer-Wohnung in Basel,Grosszügige Wohnung mit 1.5 Zimmern und 44 m² Wohnfläche im 3. Stock an der Feldbergstrasse 25 in Basel. Zur Ausstattung gehören Lift und Cheminée. Verfügbar ab 2026-09-01.,rent,flat,1220,240,,Feldbergstrasse 25,4051,Basel,1.5,44,3,elena.keller@alpina-realestate.ch,https://images.unsplash.com/photo-1568605114967-8130f3a36994?w=1200&q=80|https://images.unsplash.com/photo-1502672260266-1c1ef2d93688?w=1200&q=80,elevator|fireplace|pets_allowed,2026-09-01
P-104,Casa Bella Immobiliare SA,AG104-00020,fr,Appartement charmant de 1.5 pièces à Genève,"Appartement charmant de 1.5 pièces avec 38 m² de surface habitable au 5e étage, situé Boulevard des Philosophes 28 à Genève. Comprend cheminée et jardin. Disponible dès le 2026-11-01.",buy,flat,,,464000,Boulevard des Philosophes 28,1201,Genève,1.5,38,5,jan.rossi@casabella-immo.ch,https://images.unsplash.com/photo-1598928506311-c55ded91a20c?w=1200&q=80|https://images.unsplash.com/photo-1600607687939-ce8a6c25118c?w=1200&q=80|https://images.unsplash.com/photo-1556912167-f556f1f39fdf?w=1200&q=80|https://images.unsplash.com/photo-1560184897-ae75f418493e?w=1200&q=80,fireplace|garden,2026-11-01
P-104,Casa Bella Immobiliare SA,AG104-00021,de,Zentrales 3.5-Zimmer-Loft in Zug,Zentrales Loft mit 3.5 Zimmern und 83 m² Wohnfläche im 1. Stock an der Chamerstrasse 7 in Zug. Zur Ausstattung gehören Balkon und Garage. Verfügbar ab 2027-03-01.,buy,loft,,,1191000,Chamerstrasse 7,6300,Zug,3.5,83,1,claire.frei@casabella-immo.ch,https://images.unsplash.com/photo-1484154218962-a197022b5858?w=1200&q=80|https://images.unsplash.com/photo-1600596542815-ffad4c1539a9?w=1200&q=80|https://images.unsplash.com/photo-1600607687920-4e2a09cf159d?w=1200&q=80,balcony|dishwasher|garage|storage_room|washing_machine,2027-03-01
P-100,Immo Zentrum AG,AG100-00022,de,Zentrale 5.5-Zimmer-Wohnung in Winterthur,Zentrale Wohnung mit 5.5 Zimmern und 141 m² Wohnfläche im 6. Stock an der Marktgasse 33 in Winterthur. Zur Ausstattung gehören Balkon und Garage. Verfügbar ab 2027-02-01.,rent,flat,3380,150,,Marktgasse 33,8400,Winterthur,5.5,141,6,anna.dubois@immo-zentrum.ch,https://images.unsplash.com/photo-1600121848594-d8644e57abab?w=1200&q=80|https://images.unsplash.com/photo-1560185127-6ed189bf02f4?w=1200&q=80,balcony|garage|garden|storage_room|wheelchair_access,2027-02-01
